create database hexaware;
create table author(author_id int , author_name varchar(20));
use hexaware;
create table authors(author_id int , author_name varchar(20));
insert into authors values(1,'jeni');
insert into authors values(2,'jesy');
insert into authors values(3,'jansi');
insert into authors values(4,'steffy');
insert into authors values(5,'susmi');
insert into authors values(6,'hems');
select * from authors;
alter table authors add constraint authors_id primary key(author_id);
select * from information_schema.columns where table_name='author';
Alter table authors alter column author_id int not null;
drop table authors;
drop table author;
create table author(author_id int constraint pk_author_id primary key,author_name varchar(20));
insert into author values(1,'jeni');
insert into author values(2,'jesy');
insert into author values(3,'jansi');
insert into author values(4,'steffy');
insert into author values(5,'susmi');
insert into author values(6,'hems');
drop table author;
--alter command queries
CREATE TABLE EMPLOYEE(emp_id int, emp_name varchar(20),salary decimal(8,2));
--add a new column
alter table employee add email varchar(255) unique;
--modify a column
alter table employee alter column email varchar(500);
insert into employee values(1,'jeni',9000,'jeni@gmail.com');
insert into employee values(2,'jesy',10000,'jesy@gmail.com');
alter table employee drop constraint ;
create table book(book_id int constraint pk_book_id primary key,book_name varchar(30),price numeric(10,2) constraint Ck_price check(price>=1000),auth_id int constraint fk_book_auth_id foreign key references author(author_id));
insert into book values(101,'a',2800,1);
insert into book values(102,'b',2000,2);
insert into book values(104,'d',8000,9);
use hexaware;
create table person(id int,pname varchar(10),prole varchar(20) default 'guest');
insert into person values(1,'alice','admin');
insert into person(id,pname) values(2,'bob');
select* from person;
create table departments(deptid int primary key,dname varchar(10));
insert into departments values(1,'IT');
insert into departments values(2,'admin');
insert into departments values( 3,'HR');
create table employees(eid int primary key,ename varchar(20),dept_id int default 1,constraint fk_emp_id foreign key(dept_id) references departments(deptid) on delete set default);
insert into employees values(101,'alice',1);
insert into employees values(102,'alice',2);
insert into employees values(103,'alice',3);
select* from employees;
delete from departments where deptid=2;
select * from departments;
create database demo1;
alter database demo1 modify name=new_demo;
drop database
